<norm_schemes>
    <norm_scheme id="norm1" classname="MergeNormScheme" sanction="InfiniteFine" >
    	<sensor id="main_0MergeS" 	/>
    	<sensor id="ramp_0MergeS" 	/>
    	<sensor id="control_0MergeS"/>
       	<sensor id="main_1MergeS" 	/>
       	<sensor id="control_1MergeS" />
    </norm_scheme>     
  
  	<norm_scheme id="norm2" classname="SimpleMergeNormScheme" sanction="InfiniteFine" >
    	<sensor id="main1_0MergeS" 	/>
    	<sensor id="ramp1_0MergeS" 	/>
    	<sensor id="control1_0MergeS" 	/>
    </norm_scheme>     
</norm_schemes>