<organisations>
    <organisation id="org1">
        <sensors>
            <sensor id="sens1" />
            <sensor id="sens2" />
            <sensor id="sens2.1" />
            <sensor id="sens3" />
        </sensors>
        <norms>
			<norm id="norm1" />  
        </norms>
    </organisation>    
    <organisation id="org2">
        <sensors>
            <sensor id="sens4" />
            <sensor id="sens5" />
            <sensor id="sens6" />
           	<sensor id="sens6.1" />
            
        </sensors>
        <norms>
			<norm id="norm2" />  
        </norms>
    </organisation>
</organisations>