<norm_schemes>
    <norm_scheme id="norm1" classname="SimpleMergeNormScheme" sanction="InfiniteFine" >
    	<sensor id="sens2" />
    	<sensor id="sens1" />
    	<sensor id="sens3" />
    </norm_scheme>     
    <norm_scheme id="norm2" classname="SimpleMergeNormScheme" sanction="InfiniteFine" >
    	<sensor id="sens5" />
    	<sensor id="sens4" />
    	<sensor id="sens6" />
    	<deadlinelane>mainEnd1_1</deadlinelane>
    </norm_scheme>  
     <norm_scheme id="normSpeed" classname="MaxSpeedNormScheme" sanction="InfiniteFine" >
    	<sensor id="1" />
    	<maxspeed>13</maxspeed>
    	<instantiateAtLane>mainFront_1</instantiateAtLane>
    	<deadlineRoad>mainEnd1</deadlineRoad>
    	<deadlineAtRoad></deadlineAtRoad>
    </norm_scheme>  
    
</norm_schemes>